epoch,loss,weight,bias,weight_grad,bias_grad
0.000000000000000000e+00,4.100000000000000000e+01,0.000000000000000000e+00,0.000000000000000000e+00,-4.000000381469726562e+01,-1.999999761581420898e+00
1.000000000000000000e+00,2.656039810180664062e+01,4.000000357627868652e-01,1.999999769032001495e-02,-3.200000000000000000e+01,-1.960000038146972656e+00
2.000000000000000000e+00,1.730636978149414062e+01,7.200000286102294922e-01,3.959999606013298035e-02,-2.560000228881835938e+01,-1.920800089836120605e+00
3.000000000000000000e+00,1.137160205841064453e+01,9.760000705718994141e-01,5.880799517035484314e-02,-2.047999954223632812e+01,-1.882384061813354492e+00
4.000000000000000000e+00,7.561648368835449219e+00,1.180800080299377441e+00,7.763183861970901489e-02,-1.638399887084960938e+01,-1.844736218452453613e+00
5.000000000000000000e+00,5.112040042877197266e+00,1.344640016555786133e+00,9.607920050621032715e-02,-1.310719966888427734e+01,-1.807841539382934570e+00
6.000000000000000000e+00,3.533495187759399414e+00,1.475712060928344727e+00,1.141576170921325684e-01,-1.048575878143310547e+01,-1.771684646606445312e+00
7.000000000000000000e+00,2.512860536575317383e+00,1.580569624900817871e+00,1.318744570016860962e-01,-8.388607978820800781e+00,-1.736251115798950195e+00
8.000000000000000000e+00,1.849698066711425781e+00,1.664455652236938477e+00,1.492369621992111206e-01,-6.710887908935546875e+00,-1.701526165008544922e+00
9.000000000000000000e+00,1.415711522102355957e+00,1.731564521789550781e+00,1.662522256374359131e-01,-5.368709564208984375e+00,-1.667495727539062500e+00
1.000000000000000000e+01,1.128776788711547852e+00,1.785251617431640625e+00,1.829271763563156128e-01,-4.294967651367187500e+00,-1.634145736694335938e+00
1.100000000000000000e+01,9.363186955451965332e-01,1.828201293945312500e+00,1.992686390876770020e-01,-3.435974121093750000e+00,-1.601462841033935547e+00
1.200000000000000000e+01,8.046751022338867188e-01,1.862560987472534180e+00,2.152832597494125366e-01,-2.748780250549316406e+00,-1.569433450698852539e+00
1.300000000000000000e+01,7.122882008552551270e-01,1.890048742294311523e+00,2.309775948524475098e-01,-2.199024915695190430e+00,-1.538044691085815430e+00
1.400000000000000000e+01,6.453476548194885254e-01,1.912039041519165039e+00,2.463580369949340820e-01,-1.759219408035278320e+00,-1.507284164428710938e+00
1.500000000000000000e+01,5.950021147727966309e-01,1.929631233215332031e+00,2.614308893680572510e-01,-1.407375335693359375e+00,-1.477138400077819824e+00
1.600000000000000000e+01,5.555744171142578125e-01,1.943704962730407715e+00,2.762022614479064941e-01,-1.125900268554687500e+00,-1.447595357894897461e+00
1.700000000000000000e+01,5.234200954437255859e-01,1.954963922500610352e+00,2.906782031059265137e-01,-9.007219076156616211e-01,-1.418643832206726074e+00
1.800000000000000000e+01,4.961937367916107178e-01,1.963971138000488281e+00,3.048646450042724609e-01,-7.205771803855895996e-01,-1.390270471572875977e+00
1.900000000000000000e+01,4.723854959011077881e-01,1.971176862716674805e+00,3.187673389911651611e-01,-5.764624476432800293e-01,-1.362465143203735352e+00
2.000000000000000000e+01,4.510175287723541260e-01,1.976941466331481934e+00,3.323919773101806641e-01,-4.611706137657165527e-01,-1.335216164588928223e+00
2.100000000000000000e+01,4.314535558223724365e-01,1.981553196907043457e+00,3.457441329956054688e-01,-3.689350783824920654e-01,-1.308511734008789062e+00
2.200000000000000000e+01,4.132775962352752686e-01,1.985242605209350586e+00,3.588292598724365234e-01,-2.951478660106658936e-01,-1.282341241836547852e+00
2.300000000000000000e+01,3.962141573429107666e-01,1.988194108009338379e+00,3.716526627540588379e-01,-2.361174672842025757e-01,-1.256694674491882324e+00
2.400000000000000000e+01,3.800776302814483643e-01,1.990555286407470703e+00,3.842196166515350342e-01,-1.888954341411590576e-01,-1.231560945510864258e+00
2.500000000000000000e+01,3.647406995296478271e-01,1.992444276809692383e+00,3.965352177619934082e-01,-1.511148810386657715e-01,-1.206929683685302734e+00
2.600000000000000000e+01,3.501139283180236816e-01,1.993955373764038086e+00,4.086045026779174805e-01,-1.208924055099487305e-01,-1.182790875434875488e+00
2.700000000000000000e+01,3.361324369907379150e-01,1.995164275169372559e+00,4.204324185848236084e-01,-9.671433269977569580e-02,-1.159135341644287109e+00
2.800000000000000000e+01,3.227466046810150146e-01,1.996131420135498047e+00,4.320237636566162109e-01,-7.737062871456146240e-02,-1.135952472686767578e+00
2.900000000000000000e+01,3.099180161952972412e-01,1.996905088424682617e+00,4.433832764625549316e-01,-6.189799308776855469e-02,-1.113233566284179688e+00
3.000000000000000000e+01,2.976146340370178223e-01,1.997524023056030273e+00,4.545156061649322510e-01,-4.951946437358856201e-02,-1.090968966484069824e+00
3.100000000000000000e+01,2.858092486858367920e-01,1.998019218444824219e+00,4.654252827167510986e-01,-3.961554169654846191e-02,-1.069149255752563477e+00
3.200000000000000000e+01,2.744787037372589111e-01,1.998415350914001465e+00,4.761167764663696289e-01,-3.169292211532592773e-02,-1.047766447067260742e+00
3.300000000000000000e+01,2.636014521121978760e-01,1.998732328414916992e+00,4.865944385528564453e-01,-2.535313367843627930e-02,-1.026811361312866211e+00
3.400000000000000000e+01,2.531575858592987061e-01,1.998985886573791504e+00,4.968625605106353760e-01,-2.028198540210723877e-02,-1.006274938583374023e+00
3.500000000000000000e+01,2.431292384862899780e-01,1.999188661575317383e+00,5.069252848625183105e-01,-1.622672379016876221e-02,-9.861493706703186035e-01
3.600000000000000000e+01,2.334993183612823486e-01,1.999350905418395996e+00,5.167867541313171387e-01,-1.298150420188903809e-02,-9.664266705513000488e-01
3.700000000000000000e+01,2.242512702941894531e-01,1.999480724334716797e+00,5.264509916305541992e-01,-1.038461923599243164e-02,-9.470978975296020508e-01
3.800000000000000000e+01,2.153701633214950562e-01,1.999584555625915527e+00,5.359219908714294434e-01,-8.309245109558105469e-03,-9.281561374664306641e-01
3.900000000000000000e+01,2.068409621715545654e-01,1.999667644500732422e+00,5.452035665512084961e-01,-6.646543741226196289e-03,-9.095929861068725586e-01
4.000000000000000000e+01,1.986497342586517334e-01,1.999734163284301758e+00,5.542994737625122070e-01,-5.316853523254394531e-03,-8.914012908935546875e-01
4.100000000000000000e+01,1.907830238342285156e-01,1.999787330627441406e+00,5.632134675979614258e-01,-4.253447055816650391e-03,-8.735732436180114746e-01
4.200000000000000000e+01,1.832278519868850708e-01,1.999829888343811035e+00,5.719491839408874512e-01,-3.401994705200195312e-03,-8.561017513275146484e-01
4.300000000000000000e+01,1.759719252586364746e-01,1.999863862991333008e+00,5.805101990699768066e-01,-2.722948789596557617e-03,-8.389797210693359375e-01
4.400000000000000000e+01,1.690034121274948120e-01,1.999891042709350586e+00,5.888999700546264648e-01,-2.179324626922607422e-03,-8.222001791000366211e-01
4.500000000000000000e+01,1.623107641935348511e-01,1.999912858009338379e+00,5.971219539642333984e-01,-1.742869615554809570e-03,-8.057559728622436523e-01
4.600000000000000000e+01,1.558832973241806030e-01,1.999930262565612793e+00,6.051794886589050293e-01,-1.395553350448608398e-03,-7.896410226821899414e-01
4.700000000000000000e+01,1.497102528810501099e-01,1.999944210052490234e+00,6.130759119987487793e-01,-1.114711165428161621e-03,-7.738481760025024414e-01
4.800000000000000000e+01,1.437817960977554321e-01,1.999955415725708008e+00,6.208143830299377441e-01,-8.918642997741699219e-04,-7.583713531494140625e-01
4.900000000000000000e+01,1.380880177021026611e-01,1.999964356422424316e+00,6.283981204032897949e-01,-7.125884294509887695e-04,-7.432038784027099609e-01
5.000000000000000000e+01,1.326196491718292236e-01,1.999971508979797363e+00,6.358301639556884766e-01,-5.690157413482666016e-04,-7.283395528793334961e-01
5.100000000000000000e+01,1.273680031299591064e-01,1.999977231025695801e+00,6.431135535240173340e-01,-4.547089338302612305e-04,-7.137731313705444336e-01
5.200000000000000000e+01,1.223241910338401794e-01,1.999981760978698730e+00,6.502512693405151367e-01,-3.659129142761230469e-04,-6.994974613189697266e-01
5.300000000000000000e+01,1.174801215529441833e-01,1.999985456466674805e+00,6.572462320327758789e-01,-2.903416752815246582e-04,-6.855074167251586914e-01
5.400000000000000000e+01,1.128279119729995728e-01,1.999988317489624023e+00,6.641013026237487793e-01,-2.332180738449096680e-04,-6.717973351478576660e-01
5.500000000000000000e+01,1.083599552512168884e-01,1.999990701675415039e+00,6.708192825317382812e-01,-1.861378550529479980e-04,-6.583614349365234375e-01
5.600000000000000000e+01,1.040689349174499512e-01,1.999992609024047852e+00,6.774029135704040527e-01,-1.483559608459472656e-04,-6.451943516731262207e-01
5.700000000000000000e+01,9.994768351316452026e-02,1.999994039535522461e+00,6.838548779487609863e-01,-1.189708709716796875e-04,-6.322900652885437012e-01
5.800000000000000000e+01,9.598974138498306274e-02,1.999995231628417969e+00,6.901777982711791992e-01,-9.533017873764038086e-05,-6.196442842483520508e-01
5.900000000000000000e+01,9.218861907720565796e-02,1.999996185302734375e+00,6.963742375373840332e-01,-7.652491331100463867e-05,-6.072516441345214844e-01
6.000000000000000000e+01,8.853787928819656372e-02,1.999996900558471680e+00,7.024467587471008301e-01,-6.173551082611083984e-05,-5.951063036918640137e-01
6.100000000000000000e+01,8.503185957670211792e-02,1.999997496604919434e+00,7.083978056907653809e-01,-5.042552947998046875e-05,-5.832045078277587891e-01
6.200000000000000000e+01,8.166457712650299072e-02,1.999997973442077637e+00,7.142298221588134766e-01,-4.131346940994262695e-05,-5.715403556823730469e-01
6.300000000000000000e+01,7.843068242073059082e-02,1.999998331069946289e+00,7.199452519416809082e-01,-3.380328416824340820e-05,-5.601095557212829590e-01
6.400000000000000000e+01,7.532475143671035767e-02,1.999998688697814941e+00,7.255463600158691406e-01,-2.623349428176879883e-05,-5.489071011543273926e-01
6.500000000000000000e+01,7.234197854995727539e-02,1.999998927116394043e+00,7.310354113578796387e-01,-2.189725637435913086e-05,-5.379292964935302734e-01
6.600000000000000000e+01,6.947716325521469116e-02,1.999999165534973145e+00,7.364147305488586426e-01,-1.626461744308471680e-05,-5.271704196929931641e-01
6.700000000000000000e+01,6.672585755586624146e-02,1.999999284744262695e+00,7.416864633560180664e-01,-1.411139965057373047e-05,-5.166269540786743164e-01
6.800000000000000000e+01,6.408353149890899658e-02,1.999999403953552246e+00,7.468527555465698242e-01,-1.221150159835815430e-05,-5.062944889068603516e-01
6.900000000000000000e+01,6.154578924179077148e-02,1.999999523162841797e+00,7.519156932830810547e-01,-8.568167686462402344e-06,-4.961685240268707275e-01
7.000000000000000000e+01,5.910865589976310730e-02,1.999999642372131348e+00,7.568773627281188965e-01,-7.294118404388427734e-06,-4.862454533576965332e-01
7.100000000000000000e+01,5.676795914769172668e-02,1.999999761581420898e+00,7.617397904396057129e-01,-4.597008228302001953e-06,-4.765205383300781250e-01
7.200000000000000000e+01,5.451986566185951233e-02,1.999999761581420898e+00,7.665050029754638672e-01,-4.678964614868164062e-06,-4.669897854328155518e-01
7.300000000000000000e+01,5.236098170280456543e-02,1.999999761581420898e+00,7.711749076843261719e-01,-4.947185516357421875e-06,-4.576504826545715332e-01
7.400000000000000000e+01,5.028744414448738098e-02,1.999999761581420898e+00,7.757514119148254395e-01,-4.857778549194335938e-06,-4.484972357749938965e-01
7.500000000000000000e+01,4.829609394073486328e-02,1.999999761581420898e+00,7.802363634109497070e-01,-4.574656486511230469e-06,-4.395274519920349121e-01
7.600000000000000000e+01,4.638351127505302429e-02,1.999999761581420898e+00,7.846316099166870117e-01,-4.626810550689697266e-06,-4.307366311550140381e-01
7.700000000000000000e+01,4.454669356346130371e-02,1.999999761581420898e+00,7.889389991760253906e-01,-4.246830940246582031e-06,-4.221217334270477295e-01
7.800000000000000000e+01,4.278265684843063354e-02,1.999999761581420898e+00,7.931602001190185547e-01,-4.686415195465087891e-06,-4.136793911457061768e-01
7.900000000000000000e+01,4.108845442533493042e-02,1.999999761581420898e+00,7.972970008850097656e-01,-4.246830940246582031e-06,-4.054057598114013672e-01
8.000000000000000000e+01,3.946145251393318176e-02,1.999999761581420898e+00,8.013510704040527344e-01,-4.932284355163574219e-06,-3.972980976104736328e-01
8.100000000000000000e+01,3.789876773953437805e-02,1.999999761581420898e+00,8.053240776062011719e-01,-4.947185516357421875e-06,-3.893521130084991455e-01
8.200000000000000000e+01,3.639796376228332520e-02,1.999999761581420898e+00,8.092175722122192383e-01,-4.574656486511230469e-06,-3.815649747848510742e-01
8.300000000000000000e+01,3.495660424232482910e-02,1.999999761581420898e+00,8.130332231521606445e-01,-4.567205905914306641e-06,-3.739337027072906494e-01
8.400000000000000000e+01,3.357231616973876953e-02,1.999999761581420898e+00,8.167725801467895508e-01,-4.567205905914306641e-06,-3.664550185203552246e-01
8.500000000000000000e+01,3.224281221628189087e-02,1.999999761581420898e+00,8.204371333122253418e-01,-4.328787326812744141e-06,-3.591256737709045410e-01
8.600000000000000000e+01,3.096603415906429291e-02,1.999999761581420898e+00,8.240283727645874023e-01,-4.969537258148193359e-06,-3.519433736801147461e-01
8.700000000000000000e+01,2.973972819745540619e-02,1.999999761581420898e+00,8.275477886199951172e-01,-4.686415195465087891e-06,-3.449042141437530518e-01
8.800000000000000000e+01,2.856209129095077515e-02,1.999999761581420898e+00,8.309968113899230957e-01,-4.850327968597412109e-06,-3.380064368247985840e-01
8.900000000000000000e+01,2.743099629878997803e-02,1.999999761581420898e+00,8.343768715858459473e-01,-4.261732101440429688e-06,-3.312461376190185547e-01
9.000000000000000000e+01,2.634473331272602081e-02,1.999999761581420898e+00,8.376893401145935059e-01,-4.593282938003540039e-06,-3.246212303638458252e-01
9.100000000000000000e+01,2.530147694051265717e-02,1.999999761581420898e+00,8.409355282783508301e-01,-4.492700099945068359e-06,-3.181287646293640137e-01
9.200000000000000000e+01,2.429955266416072845e-02,1.999999761581420898e+00,8.441168069839477539e-01,-4.243105649948120117e-06,-3.117662966251373291e-01
9.300000000000000000e+01,2.333726920187473297e-02,1.999999761581420898e+00,8.472344875335693359e-01,-4.678964614868164062e-06,-3.055308461189270020e-01
9.400000000000000000e+01,2.241317555308341980e-02,1.999999761581420898e+00,8.502898216247558594e-01,-4.943460226058959961e-06,-2.994206547737121582e-01
9.500000000000000000e+01,2.152560651302337646e-02,1.999999761581420898e+00,8.532840013504028320e-01,-4.556030035018920898e-06,-2.934321463108062744e-01
9.600000000000000000e+01,2.067316696047782898e-02,1.999999761581420898e+00,8.562183380126953125e-01,-4.615634679794311523e-06,-2.875633239746093750e-01
9.700000000000000000e+01,1.985451951622962952e-02,1.999999761581420898e+00,8.590939640998840332e-01,-4.846602678298950195e-06,-2.818121314048767090e-01
9.800000000000000000e+01,1.906828582286834717e-02,1.999999761581420898e+00,8.619120717048645020e-01,-4.850327968597412109e-06,-2.761759161949157715e-01
9.900000000000000000e+01,1.831319369375705719e-02,1.999999761581420898e+00,8.646738529205322266e-01,-4.503875970840454102e-06,-2.706525027751922607e-01
1.000000000000000000e+02,1.758799329400062561e-02,1.999999761581420898e+00,8.673803806304931641e-01,-4.503875970840454102e-06,-2.652394473552703857e-01
1.010000000000000000e+02,1.689150929450988770e-02,1.999999761581420898e+00,8.700327873229980469e-01,-4.962086677551269531e-06,-2.599346935749053955e-01
1.020000000000000000e+02,1.622258871793746948e-02,1.999999761581420898e+00,8.726321458816528320e-01,-4.570931196212768555e-06,-2.547358870506286621e-01
1.030000000000000000e+02,1.558017730712890625e-02,1.999999761581420898e+00,8.751795291900634766e-01,-4.507601261138916016e-06,-2.496411800384521484e-01
1.040000000000000000e+02,1.496316120028495789e-02,1.999999761581420898e+00,8.776759505271911621e-01,-4.585832357406616211e-06,-2.446480095386505127e-01
1.050000000000000000e+02,1.437066122889518738e-02,1.999999761581420898e+00,8.801224231719970703e-01,-4.500150680541992188e-06,-2.397553920745849609e-01
1.060000000000000000e+02,1.380158588290214539e-02,1.999999761581420898e+00,8.825199604034423828e-01,-4.500150680541992188e-06,-2.349602878093719482e-01
1.070000000000000000e+02,1.325501501560211182e-02,1.999999761581420898e+00,8.848695755004882812e-01,-4.585832357406616211e-06,-2.302608489990234375e-01
1.080000000000000000e+02,1.273013837635517120e-02,1.999999761581420898e+00,8.871721625328063965e-01,-4.928559064865112305e-06,-2.256558388471603394e-01
1.090000000000000000e+02,1.222599390894174576e-02,1.999999761581420898e+00,8.894287347793579102e-01,-4.235655069351196289e-06,-2.211424410343170166e-01
1.100000000000000000e+02,1.174182165414094925e-02,1.999999761581420898e+00,8.916401863098144531e-01,-4.243105649948120117e-06,-2.167193889617919922e-01
1.110000000000000000e+02,1.127686724066734314e-02,1.999999761581420898e+00,8.938073515892028809e-01,-4.585832357406616211e-06,-2.123851925134658813e-01
1.120000000000000000e+02,1.083030737936496735e-02,1.999999761581420898e+00,8.959311842918395996e-01,-4.585832357406616211e-06,-2.081375420093536377e-01
1.130000000000000000e+02,1.040145009756088257e-02,1.999999761581420898e+00,8.980125784873962402e-01,-4.924833774566650391e-06,-2.039750069379806519e-01
1.140000000000000000e+02,9.989562444388866425e-03,1.999999761581420898e+00,9.000523090362548828e-01,-4.507601261138916016e-06,-1.998956054449081421e-01
1.150000000000000000e+02,9.593959897756576538e-03,1.999999761581420898e+00,9.020512700080871582e-01,-4.839152097702026367e-06,-1.958975344896316528e-01
1.160000000000000000e+02,9.214049205183982849e-03,1.999999761581420898e+00,9.040102362632751465e-01,-4.954636096954345703e-06,-1.919796764850616455e-01
1.170000000000000000e+02,8.849133737385272980e-03,1.999999761581420898e+00,9.059300422668457031e-01,-4.261732101440429688e-06,-1.881396621465682983e-01
1.180000000000000000e+02,8.498732931911945343e-03,1.999999761581420898e+00,9.078114628791809082e-01,-4.842877388000488281e-06,-1.843771487474441528e-01
1.190000000000000000e+02,8.162171579897403717e-03,1.999999761581420898e+00,9.096552133560180664e-01,-4.220753908157348633e-06,-1.806894540786743164e-01
1.200000000000000000e+02,7.838960736989974976e-03,1.999999761581420898e+00,9.114621281623840332e-01,-4.842877388000488281e-06,-1.770758181810379028e-01
1.210000000000000000e+02,7.528544869273900986e-03,1.999999761581420898e+00,9.132328629493713379e-01,-4.585832357406616211e-06,-1.735343933105468750e-01
1.220000000000000000e+02,7.230403367429971695e-03,1.999999761581420898e+00,9.149681925773620605e-01,-4.326924681663513184e-06,-1.700635552406311035e-01
1.230000000000000000e+02,6.944074295461177826e-03,1.999999761581420898e+00,9.166688323020935059e-01,-4.602596163749694824e-06,-1.666622310876846313e-01
1.240000000000000000e+02,6.669079884886741638e-03,1.999999761581420898e+00,9.183354377746582031e-01,-4.243105649948120117e-06,-1.633288562297821045e-01
1.250000000000000000e+02,6.405017804354429245e-03,1.999999761581420898e+00,9.199687242507934570e-01,-4.580244421958923340e-06,-1.600627005100250244e-01
1.260000000000000000e+02,6.151387933641672134e-03,1.999999761581420898e+00,9.215693473815917969e-01,-4.943460226058959961e-06,-1.568615734577178955e-01
1.270000000000000000e+02,5.907778162509202957e-03,1.999999761581420898e+00,9.231379628181457520e-01,-4.844740033149719238e-06,-1.537241488695144653e-01
1.280000000000000000e+02,5.673838313668966293e-03,1.999999761581420898e+00,9.246752262115478516e-01,-4.505738615989685059e-06,-1.506497710943222046e-01
1.290000000000000000e+02,5.449128802865743637e-03,1.999999761581420898e+00,9.261817336082458496e-01,-4.593282938003540039e-06,-1.476364284753799438e-01
1.300000000000000000e+02,5.233353003859519958e-03,1.999999761581420898e+00,9.276580810546875000e-01,-4.606321454048156738e-06,-1.446838378906250000e-01
1.310000000000000000e+02,5.026122555136680603e-03,1.999999761581420898e+00,9.291049242019653320e-01,-4.582107067108154297e-06,-1.417903006076812744e-01
1.320000000000000000e+02,4.827070981264114380e-03,1.999999761581420898e+00,9.305227994918823242e-01,-4.608184099197387695e-06,-1.389542520046234131e-01
1.330000000000000000e+02,4.635918885469436646e-03,1.999999761581420898e+00,9.319123625755310059e-01,-4.593282938003540039e-06,-1.361751556396484375e-01
1.340000000000000000e+02,4.452333785593509674e-03,1.999999761581420898e+00,9.332740902900695801e-01,-4.515051841735839844e-06,-1.334516406059265137e-01
1.350000000000000000e+02,4.276048392057418823e-03,1.999999761581420898e+00,9.346085786819458008e-01,-4.570931196212768555e-06,-1.307829916477203369e-01
1.360000000000000000e+02,4.106721375137567520e-03,1.999999761581420898e+00,9.359164237976074219e-01,-4.939734935760498047e-06,-1.281674206256866455e-01
1.370000000000000000e+02,3.944088239222764969e-03,1.999999761581420898e+00,9.371981024742126465e-01,-4.949048161506652832e-06,-1.256039589643478394e-01
1.380000000000000000e+02,3.787875641137361526e-03,1.999999761581420898e+00,9.384541511535644531e-01,-4.246830940246582031e-06,-1.230914443731307983e-01
1.390000000000000000e+02,3.637905232608318329e-03,1.999999761581420898e+00,9.396850466728210449e-01,-4.688277840614318848e-06,-1.206301003694534302e-01
1.400000000000000000e+02,3.493841737508773804e-03,1.999999761581420898e+00,9.408913254737854004e-01,-4.602596163749694824e-06,-1.182174682617187500e-01
1.410000000000000000e+02,3.355472814291715622e-03,1.999999761581420898e+00,9.420735239982604980e-01,-4.334375262260437012e-06,-1.158528923988342285e-01
1.420000000000000000e+02,3.222584491595625877e-03,1.999999761581420898e+00,9.432320594787597656e-01,-4.243105649948120117e-06,-1.135356277227401733e-01
1.430000000000000000e+02,3.094985149800777435e-03,1.999999761581420898e+00,9.443674087524414062e-01,-4.591420292854309082e-06,-1.112651824951171875e-01
1.440000000000000000e+02,2.972421469166874886e-03,1.999999761581420898e+00,9.454800486564636230e-01,-4.341825842857360840e-06,-1.090398430824279785e-01
1.450000000000000000e+02,2.854721853509545326e-03,1.999999761581420898e+00,9.465704560279846191e-01,-4.602596163749694824e-06,-1.068591922521591187e-01
1.460000000000000000e+02,2.741661621257662773e-03,1.999999761581420898e+00,9.476390480995178223e-01,-4.243105649948120117e-06,-1.047217547893524170e-01
1.470000000000000000e+02,2.633096184581518173e-03,1.999999761581420898e+00,9.486862421035766602e-01,-4.222616553306579590e-06,-1.026274114847183228e-01
1.480000000000000000e+02,2.528820186853408813e-03,1.999999761581420898e+00,9.497125148773193359e-01,-4.686415195465087891e-06,-1.005747616291046143e-01
1.490000000000000000e+02,2.428692998364567757e-03,1.999999761581420898e+00,9.507182836532592773e-01,-4.962086677551269531e-06,-9.856355190277099609e-02
1.500000000000000000e+02,2.332505304366350174e-03,1.999999761581420898e+00,9.517039060592651367e-01,-4.615634679794311523e-06,-9.659203886985778809e-02
1.510000000000000000e+02,2.240144880488514900e-03,1.999999761581420898e+00,9.526697993278503418e-01,-4.332512617111206055e-06,-9.466034173965454102e-02
1.520000000000000000e+02,2.151450142264366150e-03,1.999999761581420898e+00,9.536163806915283203e-01,-4.513189196586608887e-06,-9.276746213436126709e-02
1.530000000000000000e+02,2.066242042928934097e-03,1.999999761581420898e+00,9.545440673828125000e-01,-4.602596163749694824e-06,-9.091186523437500000e-02
1.540000000000000000e+02,1.984430709853768349e-03,1.999999761581420898e+00,9.554531574249267578e-01,-4.503875970840454102e-06,-8.909390866756439209e-02
1.550000000000000000e+02,1.905847107991576195e-03,1.999999761581420898e+00,9.563440680503845215e-01,-4.943460226058959961e-06,-8.731201291084289551e-02
1.560000000000000000e+02,1.830366556532680988e-03,1.999999761581420898e+00,9.572172164916992188e-01,-4.596076905727386475e-06,-8.556556701660156250e-02
1.570000000000000000e+02,1.757890684530138969e-03,1.999999761581420898e+00,9.580729007720947266e-01,-4.512257874011993408e-06,-8.385442197322845459e-02
1.580000000000000000e+02,1.688282121904194355e-03,1.999999761581420898e+00,9.589114189147949219e-01,-4.946254193782806396e-06,-8.217742294073104858e-02
1.590000000000000000e+02,1.621423987671732903e-03,1.999999761581420898e+00,9.597331881523132324e-01,-4.683621227741241455e-06,-8.053381741046905518e-02
1.600000000000000000e+02,1.557205221615731716e-03,1.999999761581420898e+00,9.605385065078735352e-01,-4.220753908157348633e-06,-7.892288267612457275e-02
1.610000000000000000e+02,1.495551900006830692e-03,1.999999761581420898e+00,9.613277316093444824e-01,-4.683621227741241455e-06,-7.734473049640655518e-02
1.620000000000000000e+02,1.436329446732997894e-03,1.999999761581420898e+00,9.621011614799499512e-01,-4.686415195465087891e-06,-7.579787820577621460e-02
1.630000000000000000e+02,1.379442401230335236e-03,1.999999761581420898e+00,9.628591537475585938e-01,-4.597008228302001953e-06,-7.428169250488281250e-02
1.640000000000000000e+02,1.324812881648540497e-03,1.999999761581420898e+00,9.636019468307495117e-01,-4.611909389495849609e-06,-7.279595732688903809e-02
1.650000000000000000e+02,1.272363122552633286e-03,1.999999761581420898e+00,9.643298983573913574e-01,-4.680827260017395020e-06,-7.134039700031280518e-02
1.660000000000000000e+02,1.221978105604648590e-03,1.999999761581420898e+00,9.650433063507080078e-01,-4.506669938564300537e-06,-6.991361081600189209e-02
1.670000000000000000e+02,1.173582160845398903e-03,1.999999761581420898e+00,9.657424688339233398e-01,-4.963949322700500488e-06,-6.851517409086227417e-02
1.680000000000000000e+02,1.127097872085869312e-03,1.999999761581420898e+00,9.664276242256164551e-01,-4.511326551437377930e-06,-6.714455783367156982e-02
1.690000000000000000e+02,1.082466216757893562e-03,1.999999761581420898e+00,9.670990705490112305e-01,-4.618428647518157959e-06,-6.580170989036560059e-02
1.700000000000000000e+02,1.039599301293492317e-03,1.999999761581420898e+00,9.677571058273315430e-01,-4.618428647518157959e-06,-6.448563933372497559e-02
1.710000000000000000e+02,9.984390344470739365e-04,1.999999761581420898e+00,9.684019684791564941e-01,-4.597008228302001953e-06,-6.319616734981536865e-02
1.720000000000000000e+02,9.588891407474875450e-04,1.999999761581420898e+00,9.690339565277099609e-01,-4.683621227741241455e-06,-6.193187087774276733e-02
1.730000000000000000e+02,9.209298877976834774e-04,1.999999761581420898e+00,9.696532487869262695e-01,-4.575587809085845947e-06,-6.069365516304969788e-02
1.740000000000000000e+02,8.844510884955525398e-04,1.999999761581420898e+00,9.702602028846740723e-01,-4.244968295097351074e-06,-5.947944521903991699e-02
1.750000000000000000e+02,8.494374924339354038e-04,1.999999761581420898e+00,9.708549976348876953e-01,-4.508532583713531494e-06,-5.829022452235221863e-02
1.760000000000000000e+02,8.157995762303471565e-04,1.999999761581420898e+00,9.714378714561462402e-01,-4.940666258335113525e-06,-5.712440982460975647e-02
1.770000000000000000e+02,7.834934513084590435e-04,1.999999761581420898e+00,9.720091223716735840e-01,-4.942528903484344482e-06,-5.598190799355506897e-02
1.780000000000000000e+02,7.524678367190063000e-04,1.999999761581420898e+00,9.725689291954040527e-01,-4.939734935760498047e-06,-5.486229434609413147e-02
1.790000000000000000e+02,7.226654561236500740e-04,1.999999761581420898e+00,9.731175303459167480e-01,-4.337169229984283447e-06,-5.376487970352172852e-02
1.800000000000000000e+02,6.940543535165488720e-04,1.999999761581420898e+00,9.736551642417907715e-01,-4.945322871208190918e-06,-5.268982425332069397e-02
1.810000000000000000e+02,6.665627588517963886e-04,1.999999761581420898e+00,9.741820693016052246e-01,-4.597008228302001953e-06,-5.163574963808059692e-02
1.820000000000000000e+02,6.401725113391876221e-04,1.999999761581420898e+00,9.746984243392944336e-01,-4.962086677551269531e-06,-5.060325935482978821e-02
1.830000000000000000e+02,6.148184766061604023e-04,1.999999761581420898e+00,9.752044677734375000e-01,-4.597008228302001953e-06,-4.959106445312500000e-02
1.840000000000000000e+02,5.904716672375798225e-04,1.999999761581420898e+00,9.757003784179687500e-01,-4.597008228302001953e-06,-4.859924316406250000e-02
1.850000000000000000e+02,5.670852260664105415e-04,1.999999761581420898e+00,9.761863946914672852e-01,-4.227273166179656982e-06,-4.762710630893707275e-02
1.860000000000000000e+02,5.446323193609714508e-04,1.999999761581420898e+00,9.766626954078674316e-01,-4.597008228302001953e-06,-4.667471721768379211e-02
1.870000000000000000e+02,5.230556707829236984e-04,1.999999761581420898e+00,9.771294593811035156e-01,-4.248693585395812988e-06,-4.574082419276237488e-02
1.880000000000000000e+02,5.023520207032561302e-04,1.999999761581420898e+00,9.775868654251098633e-01,-4.573725163936614990e-06,-4.482641816139221191e-02
1.890000000000000000e+02,4.824588540941476822e-04,1.999999761581420898e+00,9.780351519584655762e-01,-4.684552550315856934e-06,-4.392989352345466614e-02
1.900000000000000000e+02,4.633456410374492407e-04,1.999999761581420898e+00,9.784744381904602051e-01,-4.503875970840454102e-06,-4.305092990398406982e-02
1.910000000000000000e+02,4.450051928870379925e-04,1.999999761581420898e+00,9.789049625396728516e-01,-4.508066922426223755e-06,-4.219029471278190613e-02
1.920000000000000000e+02,4.273771191947162151e-04,1.999999761581420898e+00,9.793268442153930664e-01,-4.226341843605041504e-06,-4.134620726108551025e-02
1.930000000000000000e+02,4.104585095774382353e-04,1.999999761581420898e+00,9.797403216361999512e-01,-4.680361598730087280e-06,-4.051955044269561768e-02
1.940000000000000000e+02,3.942027688026428223e-04,1.999999761581420898e+00,9.801455140113830566e-01,-4.593748599290847778e-06,-3.970908373594284058e-02
1.950000000000000000e+02,3.785933949984610081e-04,1.999999761581420898e+00,9.805426001548767090e-01,-4.941131919622421265e-06,-3.891495242714881897e-02
1.960000000000000000e+02,3.636027686297893524e-04,1.999999761581420898e+00,9.809317588806152344e-01,-4.939734935760498047e-06,-3.813674300909042358e-02
1.970000000000000000e+02,3.492019022814929485e-04,1.999999761581420898e+00,9.813131093978881836e-01,-4.964880645275115967e-06,-3.737389296293258667e-02
1.980000000000000000e+02,3.353761567268520594e-04,1.999999761581420898e+00,9.816868305206298828e-01,-4.505738615989685059e-06,-3.662655502557754517e-02
1.990000000000000000e+02,3.220923244953155518e-04,1.999999761581420898e+00,9.820531010627746582e-01,-4.854518920183181763e-06,-3.589386492967605591e-02
